<mxfile host="app.diagrams.net">
  <diagram name="Saludo al Usuario">
    <mxGraphModel>
      <root>
        <mxCell id="0"/>
        <mxCell id="1" parent="0"/>
        <mxCell id="2" value="Inicio" style="shape=ellipse;whiteSpace=wrap;html=1;" vertex="1" parent="1">
          <mxGeometry x="120" y="20" width="120" height="60" as="geometry"/>
        </mxCell>
        <mxCell id="3" value="Ingresar nombre" style="shape=rectangle;whiteSpace=wrap;html=1;" vertex="1" parent="1">
          <mxGeometry x="120" y="100" width="140" height="60" as="geometry"/>
        </mxCell>
        <mxCell id="4" value="Mostrar saludo: &#10;Hola, [Nombre]!" style="shape=rectangle;whiteSpace=wrap;html=1;" vertex="1" parent="1">
          <mxGeometry x="120" y="190" width="160" height="70" as="geometry"/>
        </mxCell>
        <mxCell id="5" value="Fin" style="shape=ellipse;whiteSpace=wrap;html=1;" vertex="1" parent="1">
          <mxGeometry x="120" y="280" width="120" height="60" as="geometry"/>
        </mxCell>

        <mxCell id="6" style="endArrow=block;html=1;" edge="1" parent="1" source="2" target="3">
          <mxGeometry relative="1" as="geometry"/>
        </mxCell>
        <mxCell id="7" style="endArrow=block;html=1;" edge="1" parent="1" source="3" target="4">
          <mxGeometry relative="1" as="geometry"/>
        </mxCell>
        <mxCell id="8" style="endArrow=block;html=1;" edge="1" parent="1" source="4" target="5">
          <mxGeometry relative="1" as="geometry"/>
        </mxCell>
      </root>
    </mxGraphModel>
  </diagram>
</mxfile>