<mxfile host="app.diagrams.net" agent="Mozilla/5.0 (Windows NT 10.0; Win64; x64) AppleWebKit/537.36 (KHTML, like Gecko) Chrome/134.0.0.0 Safari/537.36 Edg/134.0.0.0" version="26.1.0">
  <diagram name="Saludo al Usuario" id="0">
    <mxGraphModel dx="1426" dy="781" grid="1" gridSize="10" guides="1" tooltips="1" connect="1" arrows="1" fold="1" page="1" pageScale="1" pageWidth="850" pageHeight="1100" math="0" shadow="0">
      <root>
        <mxCell id="0" />
        <mxCell id="1" parent="0" />
        <mxCell id="2" value="Inicio" style="shape=ellipse;whiteSpace=wrap;html=1;" parent="1" vertex="1">
          <mxGeometry x="120" y="20" width="120" height="60" as="geometry" />
        </mxCell>
        <mxCell id="3" value="Ingresar nombre" style="shape=rectangle;whiteSpace=wrap;html=1;" parent="1" vertex="1">
          <mxGeometry x="120" y="100" width="140" height="60" as="geometry" />
        </mxCell>
        <mxCell id="4" value="Mostrar saludo: &#xa;Hola, [Nombre]!" style="shape=rectangle;whiteSpace=wrap;html=1;" parent="1" vertex="1">
          <mxGeometry x="120" y="190" width="160" height="70" as="geometry" />
        </mxCell>
        <mxCell id="5" value="Fin" style="shape=ellipse;whiteSpace=wrap;html=1;" parent="1" vertex="1">
          <mxGeometry x="120" y="280" width="120" height="60" as="geometry" />
        </mxCell>
        <mxCell id="6" style="endArrow=block;html=1;" parent="1" source="2" target="3" edge="1">
          <mxGeometry relative="1" as="geometry" />
        </mxCell>
        <mxCell id="7" style="endArrow=block;html=1;" parent="1" source="3" target="4" edge="1">
          <mxGeometry relative="1" as="geometry" />
        </mxCell>
        <mxCell id="8" style="endArrow=block;html=1;" parent="1" source="4" target="5" edge="1">
          <mxGeometry relative="1" as="geometry" />
        </mxCell>
      </root>
    </mxGraphModel>
  </diagram>
</mxfile>
